{
  "temp_metrics": {
    "mae": 3.9820987438764726,
    "rmse": 4.838661494671727,
    "mape_percent": 4.014381189358081
  },
  "dwell_metrics": {
    "mae": 8.708552966508712,
    "rmse": 10.021456376624402,
    "mape_percent": 2.7260369859961218
  }
}